slice,baseline,plus_smooth,plus_scrna,plus_position,plus_boundary,plus_scrna_refine
151507,0.2812406480655056,0.4883592542504674,0.5414719631623994,0.5300883336876941,0.5300883336876941,0.5239175786644261
151510,0.2725762077948293,0.522588894285168,0.5137654113795809,0.5197401251088891,0.5197401251088891,0.5206569336405066
151673,0.41993202398713836,0.5716474754827933,0.5980275479503874,0.5623817267623493,0.5623817267623493,0.5634372286594943
151675,0.37204760742154447,0.484507013453186,0.505240785886212,0.561777073611828,0.561777073611828,0.5544292399834552
